case_id,merchant_id,state,age_min
r-0,m-1,open,20
r-1,m-2,open,23
r-2,m-3,open,26
r-3,m-4,open,29
r-4,m-1,open,32
r-5,m-2,open,35
r-6,m-3,open,38
r-7,m-4,open,41
r-8,m-1,open,44
r-9,m-2,open,47
r-10,m-3,open,50
r-11,m-4,open,53
r-12,m-1,open,56
r-13,m-2,open,59
r-14,m-3,open,62
r-15,m-4,open,65
r-16,m-1,open,68
r-17,m-2,open,71
r-18,m-3,open,74
r-19,m-4,open,77
r-20,m-1,open,80
r-21,m-2,open,83
r-22,m-3,open,86
r-23,m-4,open,89
r-24,m-1,open,92
r-25,m-2,open,95
r-26,m-3,open,98
r-27,m-4,open,101
r-28,m-1,open,104
r-29,m-2,open,107
r-30,m-3,open,110
r-31,m-4,open,113
r-32,m-1,open,116
r-33,m-2,open,119
r-34,m-3,open,122
r-35,m-4,open,125
r-36,m-1,open,128
r-37,m-2,open,131
r-38,m-3,open,134
r-39,m-4,open,137
r-40,m-1,open,140
r-41,m-2,open,143
r-42,m-3,open,146
r-43,m-4,open,149
r-44,m-1,open,152
r-45,m-2,open,155
r-46,m-3,closed,158
r-47,m-4,closed,161
r-48,m-1,closed,164
r-49,m-2,closed,167
r-50,m-3,closed,170
r-51,m-4,closed,173
