txn_id,merchant_id,acquirer_id,status,latency_ms
t-2000,m-1,acq-a,approved,753
t-2001,m-2,acq-a,approved,825
t-2002,m-3,acq-a,approved,857
t-2003,m-4,acq-a,declined,945
t-2004,m-1,acq-a,approved,823
t-2005,m-2,acq-a,approved,933
t-2006,m-3,acq-a,error,1526
t-2007,m-4,acq-a,approved,659
t-2008,m-1,acq-a,approved,946
t-2009,m-2,acq-a,declined,769
t-2010,m-3,acq-a,approved,920
t-2011,m-4,acq-a,approved,447
t-2012,m-1,acq-a,approved,661
t-2013,m-2,acq-a,approved,527
t-2014,m-3,acq-a,declined,706
t-2015,m-4,acq-a,approved,724
t-2016,m-1,acq-a,approved,387
t-2017,m-2,acq-a,approved,510
t-2018,m-3,acq-a,error,1751
t-2019,m-4,acq-a,approved,929
t-2020,m-1,acq-a,approved,839
t-2021,m-2,acq-a,declined,475
t-2022,m-3,acq-a,approved,858
t-2023,m-4,acq-a,approved,463
t-2024,m-1,acq-a,approved,750
t-2025,m-2,acq-a,approved,456
t-2026,m-3,acq-a,approved,381
t-2027,m-4,acq-a,declined,902
t-2028,m-1,acq-a,approved,505
t-2029,m-2,acq-a,approved,509
t-2030,m-3,acq-a,approved,969
t-2031,m-4,acq-a,approved,903
t-2032,m-1,acq-a,approved,553
t-2033,m-2,acq-a,declined,956
t-2034,m-3,acq-a,approved,703
t-2035,m-4,acq-a,approved,786
t-2036,m-1,acq-a,approved,502
t-2037,m-2,acq-a,approved,944
t-2038,m-3,acq-a,approved,794
t-2039,m-4,acq-a,approved,959
