bill,time,tender,amount,profit
B1001,09:00,card,1926,520
B1002,09:17,cash,1747,472
B1003,09:34,cash,1333,360
B1004,09:51,card,1848,499
B1005,10:08,card,3676,993
B1006,10:25,card,3155,852
B1007,10:42,cash,3947,1066
B1008,11:59,card,1826,493
B1009,11:16,upi,3764,1016
B1010,11:33,card,3698,998
B1011,12:50,upi,3192,862
B1012,12:07,card,3954,1068
B1013,12:24,card,2677,723
B1014,12:41,upi,1867,504
B1015,13:58,cash,3502,946
B1016,13:15,upi,3499,945
B1017,13:32,card,1763,476
B1018,14:49,upi,1307,353
B1019,14:06,upi,1278,345
B1020,14:23,upi,4241,1145
B1021,15:40,upi,3922,1059
B1022,15:57,cash,1646,444
B1023,15:14,card,3409,920
B1024,15:31,card,1798,485
B1025,16:48,upi,3023,816
B1026,16:05,card,2029,548
B1027,16:22,upi,2097,566
B1028,17:39,cash,1335,360
B1029,17:56,card,2266,612
B1030,17:13,card,2104,568
B1031,18:30,card,2437,658
B1032,18:47,card,3303,892
B1033,18:04,cash,2220,599
B1034,18:21,upi,3659,988
B1035,19:38,card,2575,695
B1036,19:55,upi,2298,620
B1037,19:12,upi,3483,940
B1038,20:29,upi,2962,800
B1039,20:46,cash,1763,476
B1040,20:03,upi,1471,398
