sku,class,on_hand,cover_days,days_since_sale
SKU-001,fast,24,4.2,6
SKU-002,fast,45,26.2,8
SKU-003,fast,10,3.2,0
SKU-004,fast,36,14.6,1
SKU-005,fast,31,9.2,3
SKU-006,fast,9,2.3,0
SKU-007,fast,56,13.8,3
SKU-008,fast,44,10.2,0
SKU-009,fast,40,9.7,0
SKU-010,fast,18,10.5,2
SKU-011,fast,22,6.5,8
SKU-012,fast,0,0,1
SKU-013,fast,40,13.8,2
SKU-014,fast,10,2.4,3
SKU-015,fast,27,13.9,1
SKU-016,fast,40,22.6,3
SKU-017,fast,35,7.7,6
SKU-018,fast,53,18.2,9
SKU-019,fast,33,10.6,3
SKU-020,fast,54,23.4,3
SKU-021,fast,9,2.2,8
SKU-022,fast,35,6.4,7
SKU-023,fast,22,5.2,1
SKU-024,fast,11,2.9,2
SKU-025,fast,52,17.1,7
SKU-026,fast,30,17.9,1
SKU-027,fast,52,13.0,5
SKU-028,fast,25,5.4,9
SKU-029,fast,35,8.5,7
SKU-030,fast,8,1.5,4
SKU-031,fast,34,7.3,1
SKU-032,fast,7,1.5,4
SKU-033,fast,45,11.0,7
SKU-034,fast,22,4.7,5
SKU-035,fast,5,0.9,5
SKU-036,fast,14,3.3,7
SKU-037,fast,7,2.8,4
SKU-038,fast,12,2.5,6
SKU-039,fast,29,5.2,7
SKU-040,fast,9,4.0,6
SKU-041,fast,39,14.2,2
SKU-042,fast,56,16.3,8
SKU-043,fast,21,4.5,5
SKU-044,fast,47,8.6,3
SKU-045,fast,13,6.9,2
SKU-046,fast,18,4.0,0
SKU-047,fast,35,6.7,2
SKU-048,fast,0,0,4
SKU-049,fast,22,14.5,6
SKU-050,fast,38,12.0,9
SKU-051,fast,24,4.1,8
SKU-052,fast,43,9.7,0
SKU-053,fast,33,5.9,8
SKU-054,fast,29,8.8,6
SKU-055,fast,10,2.7,6
SKU-056,fast,7,3.0,3
SKU-057,fast,32,14.3,5
SKU-058,fast,42,24.2,0
SKU-059,fast,40,18.3,1
SKU-060,fast,27,6.3,1
SKU-061,fast,59,24.2,6
SKU-062,fast,13,3.0,5
SKU-063,fast,42,13.4,1
SKU-064,fast,11,2.1,7
SKU-065,fast,34,9.2,1
SKU-066,fast,13,6.6,5
SKU-067,fast,51,18.9,2
SKU-068,fast,37,23.1,8
SKU-069,fast,27,12.5,8
SKU-070,fast,5,1.0,4
SKU-071,fast,45,8.4,4
SKU-072,fast,37,11.7,2
SKU-073,fast,26,5.2,8
SKU-074,fast,38,7.6,5
SKU-075,fast,44,17.6,3
SKU-076,fast,55,21.3,6
SKU-077,fast,51,10.0,3
SKU-078,fast,37,10.0,0
SKU-079,fast,5,1.0,7
SKU-080,fast,20,8.4,9
SKU-081,slow,26,7.4,60
SKU-082,slow,50,8.4,48
SKU-083,slow,27,14.5,52
SKU-084,slow,0,0,55
SKU-085,slow,10,4.0,58
SKU-086,slow,16,5.3,60
SKU-087,slow,34,7.9,61
SKU-088,slow,43,8.1,62
SKU-089,slow,34,6.1,63
SKU-090,slow,26,5.1,64
SKU-091,slow,9,1.7,65
SKU-092,slow,11,2.0,66
SKU-093,slow,54,11.5,67
SKU-094,slow,16,4.4,68
SKU-095,slow,15,4.3,70
SKU-096,slow,44,14.7,72
SKU-097,slow,55,9.6,74
SKU-098,slow,50,15.2,58
SKU-099,slow,29,6.0,60
SKU-100,slow,9,1.9,57
