accession,scanner_id,priority,state,turnaround_h,referring_clinic
acc-9000,sc-ct1,stat,waiting,20,clinic-1
acc-9001,sc-ct2,routine,waiting,25,clinic-2
acc-9002,sc-mr1,routine,waiting,30,clinic-3
acc-9003,sc-xr1,routine,waiting,35,clinic-1
acc-9004,sc-ct1,routine,waiting,40,clinic-2
acc-9005,sc-ct2,routine,waiting,45,clinic-3
acc-9006,sc-mr1,routine,waiting,20,clinic-1
acc-9007,sc-xr1,stat,waiting,25,clinic-2
acc-9008,sc-ct1,routine,waiting,30,clinic-3
acc-9009,sc-ct2,routine,waiting,35,clinic-1
acc-9010,sc-mr1,routine,waiting,40,clinic-2
acc-9011,sc-xr1,routine,waiting,45,clinic-3
acc-9012,sc-ct1,routine,waiting,20,clinic-1
acc-9013,sc-ct2,routine,waiting,25,clinic-2
acc-9014,sc-mr1,stat,waiting,30,clinic-3
acc-9015,sc-xr1,routine,waiting,35,clinic-1
acc-9016,sc-ct1,routine,waiting,40,clinic-2
acc-9017,sc-ct2,routine,waiting,45,clinic-3
acc-9018,sc-mr1,routine,reported,43.5,clinic-1
acc-9019,sc-xr1,routine,reported,48.0,clinic-2
acc-9020,sc-ct1,routine,reported,30.0,clinic-3
acc-9021,sc-ct2,stat,reported,34.5,clinic-1
acc-9022,sc-mr1,routine,reported,39.0,clinic-2
acc-9023,sc-xr1,routine,reported,43.5,clinic-3
acc-9024,sc-ct1,routine,reported,48.0,clinic-1
acc-9025,sc-ct2,routine,reported,30.0,clinic-2
acc-9026,sc-mr1,routine,reported,34.5,clinic-3
acc-9027,sc-xr1,routine,reported,39.0,clinic-1
acc-9028,sc-ct1,stat,reported,43.5,clinic-2
acc-9029,sc-ct2,routine,reported,48.0,clinic-3
