shipment_id,customer_id,warehouse_id,vehicle_id,status,on_time,cost
s-1001,c-1,wh-east,v-06,delivered,yes,39
s-1002,c-1,wh-east,v-07,late,no,51
s-1003,c-2,wh-east,v-08,delivered,yes,44
s-1004,c-2,wh-east,v-09,late,no,58
s-1005,c-3,wh-east,v-06,delivered,yes,37
s-1006,c-3,wh-east,v-07,delivered,yes,41
s-1007,c-4,wh-east,v-10,late,no,49
s-1008,c-4,wh-west,v-10,delivered,yes,36
s-1009,c-1,wh-west,v-11,delivered,yes,40
s-1010,c-2,wh-west,v-12,delivered,yes,43
s-1011,c-3,wh-west,v-12,delivered,yes,38
s-1012,c-4,wh-west,v-11,delivered,yes,42
s-1013,c-1,wh-east,v-08,delivered,yes,45
s-1014,c-2,wh-east,v-09,delivered,yes,40
s-1015,c-3,wh-west,v-12,delivered,yes,39
s-1016,c-4,wh-east,v-06,delivered,yes,41
s-1017,c-1,wh-west,v-11,delivered,yes,37
s-1018,c-2,wh-east,v-07,in_transit,yes,44
s-1019,c-3,wh-east,v-08,delivered,yes,46
s-1020,c-4,wh-west,v-10,delivered,yes,40
