item_id,status,turnaround_h
I001,queued,6.5
I002,queued,6.5
I003,queued,6.5
I004,queued,6.5
I005,queued,6.5
I006,queued,6.5
I007,queued,6.5
I008,queued,6.5
I009,queued,6.5
I010,queued,6.5
I011,queued,6.5
I012,queued,6.5
I013,queued,6.5
I014,queued,6.5
I015,queued,6.5
I016,queued,6.5
I017,queued,6.5
I018,queued,6.5
I019,queued,6.5
I020,queued,6.5
I021,queued,6.5
I022,queued,6.5
I023,queued,6.5
I024,queued,6.5
I025,queued,6.5
I026,queued,6.5
I027,queued,6.5
I028,queued,6.5
I029,queued,6.5
I030,queued,6.5
I031,done,5.5
I032,done,5.5
I033,done,5.5
I034,done,5.5
I035,done,5.5
I036,done,5.5
I037,done,5.5
I038,done,5.5
I039,done,5.5
I040,done,5.5
