order_id,customer,line_id,due,qty,deadline_risk
O-1001,Northwind Autos,L1,2026-10-04T17:00:00Z,101,high
O-1002,Contoso Motors,L1,2026-10-05T17:00:00Z,102,high
O-1003,Northwind Autos,L1,2026-10-06T17:00:00Z,103,low
O-1004,Fabrikam Aero,L2,2026-10-07T17:00:00Z,104,low
O-1005,Fabrikam Aero,L2,2026-10-08T17:00:00Z,105,low
O-1006,Contoso Motors,L2,2026-10-03T17:00:00Z,106,low
O-1007,Tailspin Rail,L3,2026-10-04T17:00:00Z,107,low
O-1008,Tailspin Rail,L3,2026-10-05T17:00:00Z,108,low
O-1009,Northwind Autos,L3,2026-10-06T17:00:00Z,109,low
O-1010,Fabrikam Aero,L3,2026-10-03T17:00:00Z,110,low
